model,BLEU avg, cosine avg,avg
baseline_fewshot_only,0.05613124861538357,0.5153657786646172,0.28574851364000037
rag_llama_zeroshot,0.012927254136034178,0.5136416378815418,0.26328444600878803
rag_gemma_zeroshot,0.015978930743882833,0.47930862673060387,0.24764377873724336
rag_openai_zeroshot,0.016471582838167312,0.4926079972918014,0.25453979006498434
rag_llama_fewshot,0.02215759829179899,0.5551147793427399,0.28863618881726943
rag_gemma_fewshot,0.020179234083044367,0.49067493928518985,0.2554270866841171
rag_openai_fewshot,0.01667416246534878,0.49818516929486867,0.25742966588010874
